recall,accuracy
0.6275626423690205,0.6988888888888889
0.7010250569476082,0.6844444444444444
0.7329157175398633,0.6777777777777778
0.7944191343963554,0.6659259259259259
